	#CHROM	POS	REF	ALT	GENE_SYMBOL
1	1	879676	G	A	SAMD11
2	1	879687	T	C	SAMD11
5	1	948921	T	C	ISG15
6	1	949654	A	G	ISG15
7	1	982994	T	C	AGRN
8	1	990517	C	T	AGRN
9	1	990773	C	T	AGRN
10	1	990806	G	A	AGRN
11	1	990984	G	A	AGRN
18	1	1263457	T	C	GLTPD1
23	1	2240006	T	C	SKI
24	1	2335676	A	G	RER1
25	1	3394456	T	C	ARHGEF16
36	1	6681744	C	T	PHF13
37	1	6694980	G	A	THAP3
38	1	6695123	C	T	THAP3
39	1	6695244	A	G	THAP3
41	1	7840926	G	C	VAMP3
42	1	7887493	T	C	PER3
43	1	7904247	C	T	PER3
44	1	7904475	G	A	PER3
52	1	9427869	G	A	SPSB1
53	1	9428685	T	G	SPSB1
54	1	9428769	G	A	SPSB1
56	1	10502710	A	G	APITD1-CORT
57	1	11079077	A	G	TARDBP
58	1	11085004	AT	ATGTTTT	TARDBP
59	1	11810765	T	A	AGTRAP
63	1	12071680	A	G	MFN2
64	1	12072518	G	C	MFN2
65	1	12267292	C	T	TNFRSF1B
66	1	12401868	A	C	VPS13D
67	1	13943724	T	C	PDPN
68	1	14116491	C	G	PRDM2
