#CHROM	POS	REF	ALT	GENE_SYMBOL
1	768028	T	C	LINC01128
1	768253	A	C	LINC01128
1	770345	A	C	LINC01128
1	773106	G	C	LINC01128
1	776546	A	G	LINC01128
1	879676	G	A	SAMD11
1	879687	T	C	SAMD11
1	948921	T	C	ISG15
1	949654	A	G	ISG15
1	957851	T	C	AGRN
1	973668	A	G	AGRN
1	982444	A	G	AGRN
1	982462	T	C	AGRN
1	982513	T	C	AGRN
1	982994	T	C	AGRN
1	987670	T	G	AGRN
1	988503	A	T	AGRN
1	988932	G	C	AGRN
1	990280	C	T	AGRN
1	990517	C	T	AGRN
1	990773	C	T	AGRN
1	990806	G	A	AGRN
1	990984	G	A	AGRN
1	1131581	T	C	TTLL10
1	1262966	C	T	GLTPD1
1	1263362	G	A	GLTPD1
1	1263457	T	C	GLTPD1
1	1268847	T	G	TAS1R3
1	1413232	C	T	ATAD3B
1	1413234	C	T	ATAD3B
1	1419773	A	G	ATAD3B
1	1463794	G	T	ATAD3A
1	1552755	T	C	MIB2
1	2034814	T	A	PRKCZ
1	2039521	G	T	PRKCZ
1	2042543	A	G	PRKCZ
1	2042994	C	G	PRKCZ
1	2051513	T	G	PRKCZ
1	2068480	C	T	PRKCZ
1	2071556	A	G	PRKCZ
1	2071765	A	G	PRKCZ
1	2163568	C	T	SKI
1	2167149	C	T	SKI
1	2170231	C	T	SKI
1	2171983	C	T	SKI
1	2173504	T	C	SKI
1	2174712	T	C	SKI
1	2176161	C	T	SKI
1	2176561	C	T	SKI
1	2178999	C	T	SKI
1	2180190	A	T	SKI
1	2184047	CCC	CC	SKI
1	2185159	G	A	SKI
1	2186985	G	A	SKI
1	2189477	T	C	SKI
1	2192639	G	C	SKI
1	2220425	T	C	SKI
1	2221534	A	G	SKI
1	2224282	A	G	SKI
1	2227562	A	G	SKI
1	2240006	T	C	SKI
1	2240383	C	T	SKI
1	2329808	A	G	RER1
1	2335676	A	G	RER1
1	2408661	A	G	PLCH2
1	2494469	C	A	TNFRSF14
1	2993807	C	G	PRDM16
1	3012374	C	G	PRDM16
1	3061283	C	A	PRDM16
1	3071098	G	C	PRDM16
1	3089060	G	C	PRDM16
1	3099322	G	A	PRDM16
1	3148079	T	C	PRDM16
1	3175638	G	A	PRDM16
1	3215320	A	T	PRDM16
1	3233215	C	A	PRDM16
1	3238014	G	T	PRDM16
1	3256108	C	A	PRDM16
1	3295575	C	A	PRDM16
1	3318769	C	G	PRDM16
1	3394456	T	C	ARHGEF16
1	3577321	A	G	TP73
1	3692240	T	C	SMIM1
1	3692241	G	A	SMIM1
1	3779467	A	G	DFFB
1	3779680	C	T	DFFB
1	3788499	A	G	DFFB
1	3801141	T	G	DFFB
1	3827198	C	G	LOC100133612
1	3831232	A	G	LOC100133612
1	3831240	C	T	LOC100133612
1	4730452	T	C	AJAP1
1	4758321	C	G	AJAP1
1	4763401	C	T	AJAP1
1	4799270	G	A	AJAP1
1	4811153	A	G	AJAP1
1	4819117	A	C	AJAP1
1	4819803	T	C	AJAP1
1	4834851	T	C	AJAP1
1	6080880	C	T	KCNAB2
1	6083480	TG	TGAGTG	KCNAB2
1	6090724	T	TA	KCNAB2
1	6097253	G	A	KCNAB2
1	6140686	T	C	KCNAB2
1	6142724	A	G	KCNAB2
1	6146114	T	C	KCNAB2
1	6520312	C	T	ESPN
1	6635816	G	C	TAS1R1
1	6681744	C	T	PHF13
1	6683572	AAAAA	AAAA	PHF13
1	6694980	G	A	THAP3
1	6695123	C	T	THAP3
1	6695244	A	G	THAP3
1	6897945	G	A	CAMTA1
1	6923003	G	A	CAMTA1
1	6950551	T	C	CAMTA1
1	6968516	T	C	CAMTA1
1	7001078	C	T	CAMTA1
1	7001308	G	A	CAMTA1
1	7017985	A	G	CAMTA1
1	7029900	G	C	CAMTA1
1	7066567	G	A	CAMTA1
1	7069024	A	G	CAMTA1
1	7069252	C	T	CAMTA1
1	7117011	A	G	CAMTA1
1	7128056	G	A	CAMTA1
1	7129297	A	G	CAMTA1
1	7177569	G	A	CAMTA1
1	7179721	T	C	CAMTA1
1	7235326	TT	T	CAMTA1
1	7245922	C	G	CAMTA1
1	7253163	C	T	CAMTA1
1	7281325	G	T	CAMTA1
1	7289959	A	G	CAMTA1
1	7306338	G	T	CAMTA1
1	7306451	A	G	CAMTA1
1	7319151	G	C	CAMTA1
1	7372744	A	T	CAMTA1
1	7403691	T	C	CAMTA1
1	7409156	C	T	CAMTA1
1	7410063	T	C	CAMTA1
1	7415343	C	T	CAMTA1
1	7422859	A	T	CAMTA1
1	7444910	A	G	CAMTA1
1	7455117	G	A	CAMTA1
1	7457459	A	T	CAMTA1
1	7490618	C	G	CAMTA1
1	7528347	A	G	CAMTA1
1	7528669	G	A	CAMTA1
1	7538437	T	C	CAMTA1
1	7539998	TAT	T	CAMTA1
1	7540476	T	A	CAMTA1
1	7541345	C	T	CAMTA1
1	7558231	C	G	CAMTA1
1	7558243	T	A	CAMTA1
1	7558344	G	A	CAMTA1
1	7558992	TGTG	TG	CAMTA1
1	7564207	C	T	CAMTA1
1	7564384	C	T	CAMTA1
1	7566374	A	G	CAMTA1
1	7596972	T	G	CAMTA1
1	7614472	C	G	CAMTA1
1	7615589	A	C	CAMTA1
1	7717642	C	A	CAMTA1
1	7717647	G	A	CAMTA1
1	7722446	A	T	CAMTA1
1	7751053	T	G	CAMTA1
1	7761001	G	A	CAMTA1
1	7774071	T	C	CAMTA1
1	7775092	G	C	CAMTA1
1	7823233	T	A	CAMTA1
1	7832289	A	T	VAMP3
1	7834026	G	A	VAMP3
1	7840926	G	C	VAMP3
1	7845695	T	C	PER3
1	7848294	T	C	PER3
1	7870048	T	C	PER3
1	7885964	AA	AAAAA	PER3
1	7887248	G	A	PER3
1	7887493	T	C	PER3
1	7904247	C	T	PER3
1	7904475	G	A	PER3
1	8021778	T	C	PARK7
1	8023726	T	C	PARK7
1	8026003	C	G	PARK7
1	8027706	T	C	PARK7
1	8044361	T	C	PARK7
1	8044951	C	G	PARK7
1	9012476	A	G	CA6
1	9015675	G	C	CA6
1	9028172	G	C	CA6
1	9034421	G	A	CA6
1	9296255	A	G	H6PD
1	9320291	G	A	H6PD
1	9324670	A	G	H6PD
1	9325085	G	T	H6PD
1	9325709	T	TT	H6PD
1	9325792	A	C	H6PD
1	9325832	T	C	H6PD
1	9326957	A	G	H6PD
1	9327387	T	G	H6PD
1	9327949	A	C	H6PD
1	9328046	A	G	H6PD
1	9329611	C	T	H6PD
1	9353931	A	G	SPSB1
1	9361783	G	A	SPSB1
1	9362959	G	A	SPSB1
1	9364634	A	G	SPSB1
1	9366485	C	T	SPSB1
1	9377526	G	T	SPSB1
1	9385040	A	T	SPSB1
1	9388078	C	T	SPSB1
1	9399131	G	A	SPSB1
1	9427869	G	A	SPSB1
1	9428685	T	G	SPSB1
1	9428769	G	A	SPSB1
1	9626236	A	G	SLC25A33
1	9633723	A	G	SLC25A33
1	9740021	T	C	PIK3CD
1	9757746	A	G	PIK3CD
1	9787508	T	C	PIK3CD
1	10045152	C	G	NMNAT1
1	10099549	A	G	UBE4B
1	10151113	T	A	UBE4B
1	10155283	A	G	UBE4B
1	10203560	A	G	UBE4B
1	10275313	T	C	KIF1B
1	10279308	T	C	KIF1B
1	10282469	A	T	KIF1B
1	10308545	T	C	KIF1B
1	10308597	T	C	KIF1B
1	10310701	G	A	KIF1B
1	10311983	A	C	KIF1B
1	10313811	T	C	KIF1B
1	10318652	C	G	KIF1B
1	10323973	C	G	KIF1B
1	10348042	C	T	KIF1B
1	10348765	CT	CTTTTT	KIF1B
1	10366487	T	G	KIF1B
1	10366692	C	G	KIF1B
1	10367424	G	A	KIF1B
1	10378428	A	G	KIF1B
1	10388620	T	C	KIF1B
1	10407169	T	G	KIF1B
1	10413123	G	A	KIF1B
1	10438687	C	T	KIF1B
1	10438892	G	A	KIF1B
1	10463888	C	A	PGD
1	10472026	C	A	PGD
1	10473196	C	T	PGD
1	10474457	T	A	PGD
1	10502710	A	G	APITD1-CORT
1	10506518	C	T	APITD1-CORT
1	10551276	A	G	PEX14
1	10551763	A	G	PEX14
1	10564962	T	G	PEX14
1	10565488	C	T	PEX14
1	10573298	TTTT	TTT	PEX14
1	10578606	G	A	PEX14
1	10578791	T	C	PEX14
1	10584470	T	C	PEX14
1	10589836	A	G	PEX14
1	10597053	T	G	PEX14
1	10602758	C	T	PEX14
1	10607228	C	T	PEX14
1	10609090	C	T	PEX14
1	10613560	A	G	PEX14
1	10614472	G	C	PEX14
1	10626637	T	C	PEX14
1	10629847	T	C	PEX14
1	10650509	T	C	PEX14
1	11078312	G	C	TARDBP
1	11079077	A	G	TARDBP
1	11080873	A	G	TARDBP
1	11081210	T	A	TARDBP
1	11085004	AT	ATGTTTT	TARDBP
1	11339282	A	G	UBIAD1
1	11547583	A	G	PTCHD2
1	11584628	C	T	PTCHD2
1	11714793	A	G	FBXO44
1	11725908	A	G	FBXO6
1	11732932	C	T	FBXO6
1	11797649	A	G	AGTRAP
1	11805897	A	C	AGTRAP
1	11810765	T	A	AGTRAP
1	11879685	C	T	CLCN6
1	11883629	T	A	CLCN6
1	11889213	T	G	CLCN6
1	11891557	G	A	CLCN6
1	11892615	G	C	CLCN6
1	11900385	C	T	NPPA-AS1
1	11900802	T	C	NPPA-AS1
1	11900825	G	T	NPPA-AS1
1	12009955	C	T	PLOD1
1	12010778	A	G	PLOD1
1	12015154	G	A	PLOD1
1	12018378	C	G	PLOD1
1	12024235	C	T	PLOD1
1	12033430	A	G	PLOD1
1	12042443	C	T	MFN2
1	12071680	A	G	MFN2
1	12072518	G	C	MFN2
1	12082926	A	G	MIIP
1	12083183	T	C	MIIP
1	12142117	T	C	TNFRSF8
1	12142145	G	T	TNFRSF8
1	12176548	G	C	TNFRSF8
1	12240824	T	G	TNFRSF1B
1	12243000	A	G	TNFRSF1B
1	12243274	C	T	TNFRSF1B
1	12243377	G	C	TNFRSF1B
1	12245029	T	C	TNFRSF1B
1	12248942	A	G	TNFRSF1B
1	12249020	C	T	TNFRSF1B
1	12249031	A	G	TNFRSF1B
1	12249865	G	C	TNFRSF1B
1	12251510	G	A	TNFRSF1B
1	12251808	T	G	MIR4632
1	12252955	T	G	TNFRSF1B
1	12267265	A	G	TNFRSF1B
1	12267292	C	T	TNFRSF1B
1	12370826	C	T	VPS13D
1	12384035	A	G	VPS13D
1	12401868	A	C	VPS13D
1	12442757	A	T	VPS13D
1	12513378	A	C	VPS13D
1	12556417	C	A	VPS13D
1	12719211	C	T	AADACL4
1	12776134	C	A	AADACL3
1	12854842	G	C	PRAMEF1
1	13365640	C	T	PRAMEF5
1	13927753	A	T	PDPN
1	13943185	G	A	PDPN
1	13943724	T	C	PDPN
1	14034592	A	C	PRDM2
1	14045394	T	G	PRDM2
1	14055392	C	T	PRDM2
1	14094243	A	G	PRDM2
1	14094363	A	G	PRDM2
1	14106397	CCT	CCTCCT	PRDM2
1	14116491	C	G	PRDM2
1	14134154	G	T	PRDM2
1	14136436	A	G	PRDM2
1	14136656	CA	CATTA	PRDM2
1	14137801	A	C	PRDM2
1	14139826	C	T	PRDM2
1	14150992	T	C	PRDM2
